Case ID,Case Name,Agency,Year,Regulatory Domain,Failure Type,Root Cause Driver Original,Primary Root Cause Driver,Contributing Root Cause Drivers,Root Cause Driver Revised,Retagging Confidence,Retagging Notes,Issue cause,What went wrong
FCA001,Advantage Wealth Management - Ceasing Operations,FCA,2025,RD_CONDUCT_GOVERNANCE|RD_PRUDENTIAL,FT_GOVERNANCE|FT_INTEGRITY,RC_WEAK_RISK_FRAMEWORK|RC_CONCENTRATED_CONTROL,RC_CONCENTRATED_CONTROL,,RC_CONCENTRATED_CONTROL,High,Weak risk framework demoted from primary in favour of a more specific driver. Weak risk framework removed from revised tags due to limited explicit framework evidence.,"Breakdown in governance and control (director conflict), failure to respond to FCA information requests, lack of financial resources (no PII cover, asset depletion), and suspected misconduct in handling client investments","Director unilaterally moved large volumes of client assets into cash (potentially without proper advice or consent), transferred firm funds to a connected entity, failed to maintain insurance, and ceased engagement with the FCA, leaving the firm unsupervised and clients exposed to losses"
FCA002,Institute of Certified Bookkeepers - Final Notice,FCA,2025,RD_AML,FT_DESIGN|FT_EXECUTION|FT_GOVERNANCE,RC_MANUAL_PROCESS|RC_WEAK_RISK_FRAMEWORK|RC_POOR_DOCUMENTATION|RC_DATA_QUALITY,RC_DATA_QUALITY,RC_POOR_DOCUMENTATION|RC_WEAK_RISK_FRAMEWORK,RC_DATA_QUALITY|RC_POOR_DOCUMENTATION|RC_WEAK_RISK_FRAMEWORK,High,Weak risk framework demoted from primary in favour of a more specific driver. Original row had three or more root-cause tags; review for over-tagging.,"Breakdown in risk-based supervision framework, including unreliable risk assessment data, lack of understanding of AML risk-scoring systems, and suspension of core supervisory activities (inspections).","ICB failed to effectively monitor members, suspended inspections for 9 months without mitigation, relied on flawed risk data, did not review risk profiles, and kept inadequate records of supervisory decisions."
FCA003,The Dental Insurance Partnership Ltd - 4A Permission Revoked,FCA,2025,RD_REG_REPORTING,FT_EXECUTION,RC_REG_UNDERSTANDING|RC_INCENTIVES_CULTURE|RC_KNOWN_RISK,RC_REG_UNDERSTANDING,RC_KNOWN_RISK|RC_INCENTIVES_CULTURE,RC_REG_UNDERSTANDING|RC_KNOWN_RISK|RC_INCENTIVES_CULTURE,Medium,Original row had three or more root-cause tags; review for over-tagging. Primary tag selected on a narrow evidence margin; manual review recommended.,"Failure to meet basic regulatory obligations, particularly non-payment of FCA fees and levies, indicating weak financial management and compliance culture","Firm repeatedly failed to pay overdue regulatory fees despite multiple warnings, engagement attempts, and enforcement action, and did not demonstrate willingness or ability to comply with regulatory requirements."
FCA004,Dinosaur Merchant Bank Limited - Final Notice,FCA,2026,RD_MARKET_ABUSE|RD_REG_REPORTING,FT_DESIGN|FT_EXECUTION,RC_WEAK_RISK_FRAMEWORK|RC_POOR_DOCUMENTATION|RC_REG_UNDERSTANDING,RC_REG_UNDERSTANDING,RC_WEAK_RISK_FRAMEWORK,RC_REG_UNDERSTANDING|RC_WEAK_RISK_FRAMEWORK,High,Weak risk framework demoted from primary in favour of a more specific driver. Original row had three or more root-cause tags; review for over-tagging.,"Inadequate systems and controls following business change (new trading platform), including failure to integrate surveillance systems, weak governance, and lack of risk assessment and calibration.","Firm failed to capture trades from a new DMA platform in its surveillance system, meaning suspicious activity was not detected; additionally, poor alert calibration, weak escalation processes, lack of policies, and inadequate management oversight led to missed market abuse reporting (STORs)."
FCA005,John Wood PLC - Final Notice,FCA,2026,RD_REG_REPORTING,FT_DESIGN|FT_GOVERNANCE,RC_WEAK_RISK_FRAMEWORK|RC_INCENTIVES_CULTURE,RC_INCENTIVES_CULTURE,RC_WEAK_RISK_FRAMEWORK,RC_INCENTIVES_CULTURE|RC_WEAK_RISK_FRAMEWORK,Medium,Weak risk framework demoted from primary in favour of a more specific driver. Primary tag selected on a narrow evidence margin; manual review recommended.,"Deficient financial culture and weak internal controls, leading to inappropriate accounting judgements, lack of transparency with auditors, and pressure to meet financial targets.","Company overstated profits through improper cost recognition, unrealistic assumptions, inappropriate release of provisions, and failure to write off losses; also delayed or withheld key information from auditors and mischaracterised prior period errors as current results."
FCA006,Nationwide Building Society - Final Notice,FCA,2025,RD_AML|RD_CONDUCT_GOVERNANCE,FT_DESIGN|FT_GOVERNANCE|FT_STRATEGIC,RC_WEAK_RISK_FRAMEWORK|RC_KNOWN_RISK|RC_CHANGE_MANAGEMENT,RC_KNOWN_RISK,RC_WEAK_RISK_FRAMEWORK,RC_KNOWN_RISK|RC_WEAK_RISK_FRAMEWORK,Medium,Weak risk framework demoted from primary in favour of a more specific driver. Original row had three or more root-cause tags; review for over-tagging. Primary tag selected on a narrow evidence margin; manual review recommended.,"Inadequate AML control framework (CDD, monitoring, risk assessment), Poor data quality and incomplete customer information, Failure to implement effective periodic and event-driven reviews, Weak transaction monitoring systems with limited risk coverage, Strategic decision to tolerate known risks (business use of personal accounts)","Customers were not properly risk-assessed (many defaulted to ""standard risk""), Customer due diligence (CDD) was incomplete and not refreshed regularly, Transaction monitoring rules were too simplistic and applied uniformly, High-risk behaviours (e.g. business use of personal accounts) were not properly identified or controlled, Known risks were tolerated for years without adequate mitigation, In a key example, a customer fraudulently received ~£27m in COVID furlough payments and laundered funds through accounts without timely detection"
FCA007,Sigma Broking Limited - Final Notice,FCA,2025,RD_REG_REPORTING,FT_DESIGN|FT_STRATEGIC,RC_SYSTEM_INTEGRATION|RC_WEAK_RISK_FRAMEWORK|RC_REG_UNDERSTANDING|RC_CHANGE_MANAGEMENT,RC_SYSTEM_INTEGRATION,RC_CHANGE_MANAGEMENT|RC_REG_UNDERSTANDING|RC_WEAK_RISK_FRAMEWORK,RC_SYSTEM_INTEGRATION|RC_CHANGE_MANAGEMENT|RC_REG_UNDERSTANDING|RC_WEAK_RISK_FRAMEWORK,Medium,Weak risk framework demoted from primary in favour of a more specific driver. Original row had three or more root-cause tags; review for over-tagging. Primary tag selected on a narrow evidence margin; manual review recommended.,"Incorrect initial system setup and flawed reporting logic under MiFID II, combined with failure to identify and correct these issues over time.","Transaction reporting system was misconfigured from implementation, leading to incorrect or incomplete data submission for ~924,000 transactions. The firm failed to detect or remediate the issue for several years, despite regulatory requirements and prior enforcement action."
FCA008,James Edward Staley - Final Notice,FCA,2025,RD_CONDUCT_GOVERNANCE,FT_INTEGRITY,RC_CONCENTRATED_CONTROL|RC_THIRD_PARTY,RC_CONCENTRATED_CONTROL,,RC_CONCENTRATED_CONTROL,High,,"Failure of individual integrity and governance, including reckless approval of inaccurate information and lack of openness and cooperation with the regulator.","Senior executive approved a letter to the FCA containing misleading statements about his relationship with a high-risk individual, breaching duties of integrity, transparency, and regulatory disclosure."
FCA009,Barclays Bank Plc - AML Failures (Stunt & Co),FCA,2025,RD_AML,FT_EXECUTION|FT_GOVERNANCE,RC_WEAK_RISK_FRAMEWORK|RC_MANUAL_PROCESS,RC_WEAK_RISK_FRAMEWORK,,RC_WEAK_RISK_FRAMEWORK,High,,"Breakdown in AML control framework, including:
Inadequate customer due diligence (CDD)
Failure to apply enhanced due diligence (EDD)
Poor transaction monitoring
Failure to act on law enforcement intelligence
Internal information silos","Barclays:
Assigned low risk despite obvious red flags
Ignored transaction patterns inconsistent with business profile
Failed to escalate after police intelligence and media reports
Did not connect intelligence across teams
Continued relationship despite mounting evidence of risk"
FCA010,Barclays Bank UK Plc - Client Account Failures (WealthTek),FCA,2025,RD_PRUDENTIAL,FT_EXECUTION,RC_WEAK_RISK_FRAMEWORK|RC_CHANGE_MANAGEMENT,RC_CHANGE_MANAGEMENT,,RC_CHANGE_MANAGEMENT,Medium,Weak risk framework demoted from primary in favour of a more specific driver. Weak risk framework removed from revised tags due to limited explicit framework evidence. Primary tag selected on a narrow evidence margin; manual review recommended.,"Deficient onboarding framework:
No requirement to check FCA register
No understanding of account purpose
No assessment of underlying client activity
Over-reliance on internal classification codes","Barclays UK:
Opened account without verifying regulatory permissions
Failed to understand how account would be used
Allowed £34m to flow through without proper oversight
Had known weaknesses in process but slow remediation"
FCA011,Campbell & Associates Independent Financial Advice Ltd / Lisa Campbell,FCA,2023,RD_CONDUCT_GOVERNANCE,FT_INTEGRITY,RC_INCENTIVES_CULTURE|RC_CONCENTRATED_CONTROL,RC_INCENTIVES_CULTURE,RC_CONCENTRATED_CONTROL,RC_INCENTIVES_CULTURE|RC_CONCENTRATED_CONTROL,Medium,Primary tag selected on a narrow evidence margin; manual review recommended.,"Deliberate misconduct by the firm's sole director, including misappropriation of client funds, lack of segregation of duties, and absence of effective governance or oversight in a single-director structure.","Client funds (~£1.5m) intended for investment were not invested and were instead transferred to the director's personal accounts and used for personal purposes. The director provided false information to the client about the investment and repayment status, failed to return funds, and later continued regulated activity despite FCA restrictions while also providing misleading information to the regulator."
ICO001,Bank of Ireland (UK) PLC - ICO Reprimand,ICO,2023,RD_DATA_PROTECTION,FT_EXECUTION|FT_GOVERNANCE,RC_MANUAL_PROCESS|RC_WEAK_RISK_FRAMEWORK,RC_MANUAL_PROCESS,,RC_MANUAL_PROCESS,High,Weak risk framework demoted from primary in favour of a more specific driver. Weak risk framework removed from revised tags due to limited explicit framework evidence.,"Manual processing error within debt sale workflow, combined with inadequate risk identification, lack of controls over key data fields, and absence of assurance or audit processes.","When loan accounts were sold to debt collectors, staff were required to manually update a system flag. Failures to do so meant accounts were incorrectly reported as still owned by the bank, resulting in duplicate default records and inaccurate outstanding balances being reported to credit reference agencies. The issue persisted for years due to lack of oversight, failure to escalate earlier errors, and no retrospective checks."
ICO002,Allay Claims Ltd - ICO Enforcement Notice,ICO,2026,RD_MARKETING_CONSENT,FT_STRATEGIC,RC_REG_UNDERSTANDING,RC_REG_UNDERSTANDING,,RC_REG_UNDERSTANDING,Medium,,"Deficient consent and marketing compliance framework, including failure to obtain valid consent, improper reliance on ""soft opt-in"", and poorly designed customer journeys that did not provide a clear or effective opt-out mechanism","Allay sent ~4,046,947 marketing messages without valid consent. Customers were not properly informed they would receive marketing, were not given a clear opt-out at the point of data collection, and were even told their data would not be used for marketing. Opt-out mechanisms were buried in privacy policies or ineffective (e.g. requiring email requests or forms not returned to the firm). As a result, marketing communications were unlawful and likely caused distress and potential financial harm."
FCA012,Strowz Ltd,FCA,2025,RD_CONDUCT_GOVERNANCE|RD_AML,FT_GOVERNANCE|FT_EXECUTION,RC_WEAK_RISK_FRAMEWORK|RC_CONCENTRATED_CONTROL|RC_KNOWN_RISK,RC_CONCENTRATED_CONTROL,,RC_CONCENTRATED_CONTROL,High,Weak risk framework demoted from primary in favour of a more specific driver. Weak risk framework removed from revised tags due to limited explicit framework evidence. Original row had three or more root-cause tags; review for over-tagging.,"The firm appeared to have weak financial crime and client money controls, with concentrated control over accounts and inadequate disclosure to the FCA.","Client money appeared to be commingled or moved through undisclosed accounts, with payments made to connected parties and incomplete information provided to the regulator."
FCA013,Monzo Bank Limited,FCA,2025,RD_AML,FT_DESIGN|FT_GOVERNANCE|FT_EXECUTION,RC_CHANGE_MANAGEMENT|RC_WEAK_RISK_FRAMEWORK|RC_KNOWN_RISK,RC_KNOWN_RISK,RC_WEAK_RISK_FRAMEWORK,RC_KNOWN_RISK|RC_WEAK_RISK_FRAMEWORK,Medium,Weak risk framework demoted from primary in favour of a more specific driver. Original row had three or more root-cause tags; review for over-tagging. Primary tag selected on a narrow evidence margin; manual review recommended.,Monzo's AML framework did not scale with its growth and known weaknesses were not remediated quickly enough.,"The firm onboarded and monitored customers without sufficiently robust CDD, beneficial ownership checks, adverse media review and customer risk assessment controls."
FCA014,Business Agent Limited,FCA,2024,RD_CONDUCT_GOVERNANCE,FT_GOVERNANCE|FT_EXECUTION,RC_WEAK_RISK_FRAMEWORK|RC_REG_UNDERSTANDING|RC_KNOWN_RISK,RC_KNOWN_RISK,RC_REG_UNDERSTANDING,RC_KNOWN_RISK|RC_REG_UNDERSTANDING,Medium,Weak risk framework demoted from primary in favour of a more specific driver. Weak risk framework removed from revised tags due to limited explicit framework evidence. Original row had three or more root-cause tags; review for over-tagging. Primary tag selected on a narrow evidence margin; manual review recommended.,"The firm appeared to lack adequate governance, permissions understanding and controls over client money and investment platform activity.","The firm appeared to hold client money despite restrictions, failed to provide complete information to the FCA and did not demonstrate adequate due diligence or conflict management."
FCA015,Promethean Finance Limited - Tribunal decision,FCA,2024,RD_CONDUCT_GOVERNANCE,FT_STRATEGIC|FT_INTEGRITY|FT_GOVERNANCE,RC_INCENTIVES_CULTURE|RC_WEAK_RISK_FRAMEWORK|RC_KNOWN_RISK,RC_INCENTIVES_CULTURE,,RC_INCENTIVES_CULTURE,High,Weak risk framework demoted from primary in favour of a more specific driver. Weak risk framework removed from revised tags due to limited explicit framework evidence. Original row had three or more root-cause tags; review for over-tagging.,"The firm's commercial model used trading names, intellectual property and appointed representative arrangements without adequate governance over how consumers were presented with regulated services.
The firm appeared to prioritise commercial acquisition channels over compliant financial promotion and appointed representative controls.","Consumers could be led to believe they were dealing with a regulated firm, while financial promotions and arrangements were not adequately controlled.
The firm used trading names and website arrangements that risked misleading consumers about who was providing regulated services and whether promotions were properly controlled."
FCA016,London Stone Securities Limited,FCA,2024,RD_CONDUCT_GOVERNANCE,FT_GOVERNANCE|FT_EXECUTION|FT_DESIGN,RC_WEAK_RISK_FRAMEWORK|RC_KNOWN_RISK|RC_REG_UNDERSTANDING,RC_REG_UNDERSTANDING,,RC_REG_UNDERSTANDING,High,Weak risk framework demoted from primary in favour of a more specific driver. Weak risk framework removed from revised tags due to limited explicit framework evidence. Original row had three or more root-cause tags; review for over-tagging.,"The firm did not appear to have adequate systems to assess investments, manage platform activity or control communications to investors.","The firm distributed or administered investments without demonstrating adequate due diligence, target market assessment, records and governance over investor-facing activity."
FCA017,KBFS Financial Limited,FCA,2024,RD_CONDUCT_GOVERNANCE|RD_REG_REPORTING,FT_EXECUTION|FT_GOVERNANCE,RC_POOR_DOCUMENTATION|RC_REG_UNDERSTANDING|RC_WEAK_RISK_FRAMEWORK,RC_REG_UNDERSTANDING,RC_POOR_DOCUMENTATION,RC_REG_UNDERSTANDING|RC_POOR_DOCUMENTATION,High,Weak risk framework demoted from primary in favour of a more specific driver. Weak risk framework removed from revised tags due to limited explicit framework evidence. Original row had three or more root-cause tags; review for over-tagging.,"The firm failed to maintain basic regulatory engagement, reporting and fee obligations while apparently no longer carrying on regulated activity.","The firm did not pay levies, did not submit required returns or firm details attestations and did not respond to FCA notices before cancellation."
FCA018,London Court Limited,FCA,2023,RD_CONDUCT_GOVERNANCE,FT_DESIGN|FT_GOVERNANCE,RC_WEAK_RISK_FRAMEWORK|RC_CONCENTRATED_CONTROL|RC_REG_UNDERSTANDING,RC_REG_UNDERSTANDING,,RC_REG_UNDERSTANDING,High,Weak risk framework demoted from primary in favour of a more specific driver. Weak risk framework removed from revised tags due to limited explicit framework evidence. Original row had three or more root-cause tags; review for over-tagging.,"The firm lacked adequate systems, controls and resources for assessing investments and distributing them through its platform.",The firm had not carried out target market assessment or sufficient due diligence on investments and could not demonstrate that distribution was in clients' best interests.
FCA019,Independently East Ltd,FCA,2023,RD_CONDUCT_GOVERNANCE|RD_REG_REPORTING,FT_EXECUTION|FT_GOVERNANCE,RC_WEAK_RISK_FRAMEWORK|RC_POOR_DOCUMENTATION|RC_DATA_QUALITY,RC_DATA_QUALITY,RC_POOR_DOCUMENTATION,RC_DATA_QUALITY|RC_POOR_DOCUMENTATION,Medium,Weak risk framework demoted from primary in favour of a more specific driver. Weak risk framework removed from revised tags due to limited explicit framework evidence. Original row had three or more root-cause tags; review for over-tagging. Primary tag selected on a narrow evidence margin; manual review recommended.,"The firm's basic governance, reporting and regulatory engagement processes failed.","The firm failed to submit or maintain accurate regulatory information, did not respond adequately to the FCA and had unresolved liabilities including an outstanding FOS award."
FCA020,Nexus Independent Financial Advisers Limited and Nexus Investment Managers Limited,FCA,2023,RD_CONDUCT_GOVERNANCE,FT_INTEGRITY|FT_GOVERNANCE,RC_CONCENTRATED_CONTROL|RC_WEAK_RISK_FRAMEWORK|RC_INCENTIVES_CULTURE,RC_CONCENTRATED_CONTROL,RC_INCENTIVES_CULTURE,RC_CONCENTRATED_CONTROL|RC_INCENTIVES_CULTURE,High,Weak risk framework demoted from primary in favour of a more specific driver. Weak risk framework removed from revised tags due to limited explicit framework evidence. Original row had three or more root-cause tags; review for over-tagging.,The firms had concentrated control and weak oversight over client assets and payments.,"A sole director appeared able to withdraw client money without effective challenge, oversight or segregation controls."
FCA021,Dolfin Financial (UK) Limited,FCA,2021,RD_AML|RD_CONDUCT_GOVERNANCE,FT_INTEGRITY|FT_GOVERNANCE|FT_DESIGN,RC_WEAK_RISK_FRAMEWORK|RC_INCENTIVES_CULTURE|RC_CONCENTRATED_CONTROL,RC_INCENTIVES_CULTURE,RC_CONCENTRATED_CONTROL,RC_INCENTIVES_CULTURE|RC_CONCENTRATED_CONTROL,Medium,Weak risk framework demoted from primary in favour of a more specific driver. Weak risk framework removed from revised tags due to limited explicit framework evidence. Original row had three or more root-cause tags; review for over-tagging. Primary tag selected on a narrow evidence margin; manual review recommended.,"The firm's high-risk business model was not supported by adequate AML, onboarding and governance controls.","The firm made misleading representations, failed to apply effective CDD and EDD to high-risk clients and did not adequately escalate or manage financial crime risks."
FCA022,The London Metal Exchange,FCA,2025,RD_MARKET_ABUSE,FT_DESIGN|FT_GOVERNANCE,RC_WEAK_RISK_FRAMEWORK|RC_KNOWN_RISK,RC_KNOWN_RISK,RC_WEAK_RISK_FRAMEWORK,RC_KNOWN_RISK|RC_WEAK_RISK_FRAMEWORK,Medium,Weak risk framework demoted from primary in favour of a more specific driver. Primary tag selected on a narrow evidence margin; manual review recommended.,The exchange's control framework did not adequately detect and manage disorderly trading risk in the electronic nickel market.,"LME's electronic market controls did not respond effectively as nickel prices moved sharply, contributing to risks to orderly trading and market integrity."
FCA023,Mako Financial Markets Partnership LLP,FCA,2025,RD_AML|RD_MARKET_ABUSE,FT_DESIGN|FT_EXECUTION|FT_GOVERNANCE,RC_WEAK_RISK_FRAMEWORK|RC_KNOWN_RISK|RC_INCENTIVES_CULTURE,RC_KNOWN_RISK,RC_WEAK_RISK_FRAMEWORK,RC_KNOWN_RISK|RC_WEAK_RISK_FRAMEWORK,Medium,Weak risk framework demoted from primary in favour of a more specific driver. Original row had three or more root-cause tags; review for over-tagging. Primary tag selected on a narrow evidence margin; manual review recommended.,The firm's AML framework and client due diligence did not adequately address the risks presented by the Solo Group business.,"Mako failed to apply sufficient CDD, EDD and transaction monitoring to high-risk trading patterns and did not escalate red flags effectively."
FCA024,Arian Financial LLP,FCA,2025,RD_AML|RD_MARKET_ABUSE,FT_DESIGN|FT_EXECUTION|FT_GOVERNANCE,RC_WEAK_RISK_FRAMEWORK|RC_KNOWN_RISK|RC_INCENTIVES_CULTURE,RC_KNOWN_RISK,RC_WEAK_RISK_FRAMEWORK,RC_KNOWN_RISK|RC_WEAK_RISK_FRAMEWORK,Medium,Weak risk framework demoted from primary in favour of a more specific driver. Original row had three or more root-cause tags; review for over-tagging. Primary tag selected on a narrow evidence margin; manual review recommended.,The firm did not build or operate controls proportionate to the financial crime and market integrity risk of the trading.,"Arian failed to perform adequate due diligence and monitoring of suspicious transactions, allowing high-risk trading to proceed without effective challenge."
FCA025,Barclays plc,FCA,2024,RD_DISCLOSURE_LISTING,FT_INTEGRITY|FT_GOVERNANCE,RC_INCENTIVES_CULTURE|RC_CONCENTRATED_CONTROL|RC_KNOWN_RISK,RC_INCENTIVES_CULTURE,RC_CONCENTRATED_CONTROL,RC_INCENTIVES_CULTURE|RC_CONCENTRATED_CONTROL,Medium,Original row had three or more root-cause tags; review for over-tagging. Primary tag selected on a narrow evidence margin; manual review recommended.,Senior governance and disclosure controls failed to ensure material arrangements were captured and disclosed.,"Barclays' announcements and prospectuses did not disclose relevant fee arrangements, creating misleading disclosure around the capital raising."
FCA026,Barclays Bank plc,FCA,2024,RD_DISCLOSURE_LISTING,FT_INTEGRITY|FT_GOVERNANCE,RC_INCENTIVES_CULTURE|RC_CONCENTRATED_CONTROL|RC_KNOWN_RISK,RC_INCENTIVES_CULTURE,RC_CONCENTRATED_CONTROL,RC_INCENTIVES_CULTURE|RC_CONCENTRATED_CONTROL,Medium,Original row had three or more root-cause tags; review for over-tagging. Primary tag selected on a narrow evidence margin; manual review recommended.,The bank's disclosure governance failed to capture and present material arrangements accurately.,"The prospectus and associated market communications omitted information about advisory fee arrangements, creating a misleading picture for investors."
FCA027,"Macquarie Bank Limited, London Branch",FCA,2024,RD_MARKET_ABUSE|RD_CONDUCT_GOVERNANCE,FT_DESIGN|FT_GOVERNANCE|FT_EXECUTION,RC_WEAK_RISK_FRAMEWORK|RC_KNOWN_RISK|RC_CHANGE_MANAGEMENT,RC_KNOWN_RISK,,RC_KNOWN_RISK,High,Weak risk framework demoted from primary in favour of a more specific driver. Weak risk framework removed from revised tags due to limited explicit framework evidence. Original row had three or more root-cause tags; review for over-tagging.,The firm's first and second line controls did not detect or challenge fictitious trading and known control weaknesses were not remediated effectively.,"A trader was able to hide losses through false entries because reconciliations, supervision and control testing were ineffective."
FCA028,Metro Bank Plc,FCA,2024,RD_AML,FT_DESIGN|FT_GOVERNANCE|FT_EXECUTION,RC_SYSTEM_INTEGRATION|RC_DATA_QUALITY|RC_WEAK_RISK_FRAMEWORK,RC_SYSTEM_INTEGRATION,RC_DATA_QUALITY,RC_SYSTEM_INTEGRATION|RC_DATA_QUALITY,Medium,Weak risk framework demoted from primary in favour of a more specific driver. Weak risk framework removed from revised tags due to limited explicit framework evidence. Original row had three or more root-cause tags; review for over-tagging. Primary tag selected on a narrow evidence margin; manual review recommended.,"System integration, data quality and oversight failures allowed a transaction monitoring gap to persist.","Metro Bank failed to monitor more than 60 million transactions because of data and configuration errors, with weak governance over remediation and assurance."
FCA029,Volkswagen Financial Services (UK) Limited,FCA,2024,RD_CONDUCT_GOVERNANCE,FT_EXECUTION|FT_GOVERNANCE|FT_DESIGN,RC_WEAK_RISK_FRAMEWORK|RC_MANUAL_PROCESS|RC_INCENTIVES_CULTURE,RC_INCENTIVES_CULTURE,,RC_INCENTIVES_CULTURE,Medium,Weak risk framework demoted from primary in favour of a more specific driver. Weak risk framework removed from revised tags due to limited explicit framework evidence. Original row had three or more root-cause tags; review for over-tagging. Primary tag selected on a narrow evidence margin; manual review recommended.,"The firm's collections controls, governance and customer support framework were not adequate for customers in financial difficulty.","Customers were not consistently offered appropriate forbearance or clear communications, leading to avoidable consumer harm and redress."
FCA030,TSB Bank plc,FCA,2024,RD_CONDUCT_GOVERNANCE,FT_EXECUTION|FT_GOVERNANCE|FT_DESIGN,RC_WEAK_RISK_FRAMEWORK|RC_MANUAL_PROCESS|RC_INCENTIVES_CULTURE,RC_INCENTIVES_CULTURE,,RC_INCENTIVES_CULTURE,High,Weak risk framework demoted from primary in favour of a more specific driver. Weak risk framework removed from revised tags due to limited explicit framework evidence. Original row had three or more root-cause tags; review for over-tagging.,The bank's arrears handling framework was poorly designed and not consistently executed.,"TSB failed to identify and support customers in financial difficulty appropriately, causing redress across a large customer population."
FCA031,Starling Bank Limited,FCA,2024,RD_AML,FT_DESIGN|FT_EXECUTION|FT_GOVERNANCE,RC_CHANGE_MANAGEMENT|RC_WEAK_RISK_FRAMEWORK|RC_KNOWN_RISK,RC_KNOWN_RISK,,RC_KNOWN_RISK,High,Weak risk framework demoted from primary in favour of a more specific driver. Weak risk framework removed from revised tags due to limited explicit framework evidence. Original row had three or more root-cause tags; review for over-tagging.,"Financial crime controls, sanctions screening and governance did not keep pace with rapid expansion.",Starling onboarded high-risk customers despite a restriction and screened customers against an incomplete sanctions dataset.
FCA032,PricewaterhouseCoopers LLP,FCA,2024,RD_REG_REPORTING|RD_CONDUCT_GOVERNANCE,FT_EXECUTION|FT_GOVERNANCE,RC_REG_UNDERSTANDING|RC_WEAK_RISK_FRAMEWORK|RC_KNOWN_RISK,RC_KNOWN_RISK,RC_REG_UNDERSTANDING,RC_KNOWN_RISK|RC_REG_UNDERSTANDING,High,Weak risk framework demoted from primary in favour of a more specific driver. Weak risk framework removed from revised tags due to limited explicit framework evidence. Original row had three or more root-cause tags; review for over-tagging.,PwC failed to operate an effective regulatory escalation process for information identified during the audit.,"Despite indicators of potential fraud and serious concerns during the audit, PwC did not make the required report to the FCA."
FCA033,CB Payments Limited,FCA,2024,RD_AML,FT_EXECUTION|FT_GOVERNANCE,RC_SYSTEM_INTEGRATION|RC_WEAK_RISK_FRAMEWORK|RC_KNOWN_RISK,RC_KNOWN_RISK,,RC_KNOWN_RISK,High,Weak risk framework demoted from primary in favour of a more specific driver. Weak risk framework removed from revised tags due to limited explicit framework evidence. Original row had three or more root-cause tags; review for over-tagging.,The firm's operational controls did not reliably implement the agreed customer restriction.,CB Payments provided e-money services to high-risk customers who should have been excluded under the FCA requirement.
FCA034,"HSBC UK Bank plc, HSBC Bank plc and Marks & Spencer Financial Services plc",FCA,2024,RD_CONDUCT_GOVERNANCE,FT_EXECUTION|FT_GOVERNANCE|FT_DESIGN,RC_WEAK_RISK_FRAMEWORK|RC_MANUAL_PROCESS|RC_INCENTIVES_CULTURE,RC_INCENTIVES_CULTURE,,RC_INCENTIVES_CULTURE,Medium,Weak risk framework demoted from primary in favour of a more specific driver. Weak risk framework removed from revised tags due to limited explicit framework evidence. Original row had three or more root-cause tags; review for over-tagging. Primary tag selected on a narrow evidence margin; manual review recommended.,Collections and recoveries controls did not consistently identify and support customers in financial difficulty.,"Customers were not consistently offered appropriate support, which resulted in a large redress programme."
FCA035,Citigroup Global Markets Limited,FCA,2024,RD_MARKET_ABUSE,FT_DESIGN|FT_EXECUTION|FT_GOVERNANCE,RC_WEAK_RISK_FRAMEWORK|RC_MANUAL_PROCESS|RC_KNOWN_RISK,RC_MANUAL_PROCESS,,RC_MANUAL_PROCESS,High,Weak risk framework demoted from primary in favour of a more specific driver. Weak risk framework removed from revised tags due to limited explicit framework evidence. Original row had three or more root-cause tags; review for over-tagging.,"Manual process risk was not controlled by adequate system limits, governance and real-time monitoring.",A trader's input error generated billions in erroneous orders and some were executed before controls stopped the activity.
FCA036,Dollar East (International Travel & Money Transfer) Limited,FCA,2023,RD_CONDUCT_GOVERNANCE,FT_STRATEGIC|FT_INTEGRITY|FT_GOVERNANCE,RC_INCENTIVES_CULTURE|RC_CONCENTRATED_CONTROL,RC_INCENTIVES_CULTURE,RC_CONCENTRATED_CONTROL,RC_INCENTIVES_CULTURE|RC_CONCENTRATED_CONTROL,High,,The firm engaged in coordinated pricing rather than independent competitive decision-making.,Dollar East participated in arrangements that restricted competition and affected pricing for remittance customers.
FCA037,Hafiz Bros Travel & Money Transfer Limited,FCA,2023,RD_CONDUCT_GOVERNANCE,FT_STRATEGIC|FT_INTEGRITY|FT_GOVERNANCE,RC_INCENTIVES_CULTURE|RC_CONCENTRATED_CONTROL,RC_INCENTIVES_CULTURE,RC_CONCENTRATED_CONTROL,RC_INCENTIVES_CULTURE|RC_CONCENTRATED_CONTROL,High,,The firm engaged in coordinated pricing rather than independent competitive decision-making.,Hafiz Bros participated in arrangements that restricted competition and affected pricing for remittance customers.
FCA038,LCC Trans-Sending Limited trading as Small World and Small World Financial Services Group Limited,FCA,2023,RD_CONDUCT_GOVERNANCE,FT_STRATEGIC|FT_INTEGRITY|FT_GOVERNANCE,RC_INCENTIVES_CULTURE|RC_CONCENTRATED_CONTROL,RC_INCENTIVES_CULTURE,RC_CONCENTRATED_CONTROL,RC_INCENTIVES_CULTURE|RC_CONCENTRATED_CONTROL,High,,The firm engaged in coordinated pricing rather than independent competitive decision-making.,Small World participated in arrangements that restricted competition and affected pricing for remittance customers.
FCA039,Equifax Limited,FCA,2023,RD_DATA_PROTECTION|RD_CONDUCT_GOVERNANCE,FT_GOVERNANCE|FT_DESIGN|FT_EXECUTION,RC_THIRD_PARTY|RC_WEAK_RISK_FRAMEWORK|RC_KNOWN_RISK,RC_THIRD_PARTY,,RC_THIRD_PARTY,High,Weak risk framework demoted from primary in favour of a more specific driver. Weak risk framework removed from revised tags due to limited explicit framework evidence. Original row had three or more root-cause tags; review for over-tagging.,Equifax failed to manage and oversee a third-party data processing arrangement with sufficient rigour.,"UK consumer data was exposed following poor oversight of security controls and consumers received communications that were not sufficiently clear, fair and not misleading."
FCA040,ADM Investor Services International Limited,FCA,2023,RD_AML,FT_DESIGN|FT_GOVERNANCE|FT_EXECUTION,RC_WEAK_RISK_FRAMEWORK|RC_KNOWN_RISK|RC_POOR_DOCUMENTATION,RC_KNOWN_RISK,RC_WEAK_RISK_FRAMEWORK,RC_KNOWN_RISK|RC_WEAK_RISK_FRAMEWORK,Medium,Weak risk framework demoted from primary in favour of a more specific driver. Original row had three or more root-cause tags; review for over-tagging. Primary tag selected on a narrow evidence margin; manual review recommended.,The firm did not remediate known AML weaknesses and lacked a sufficiently risk-based control framework.,"ADMISI failed to risk-rate clients adequately, apply proportionate CDD and EDD and monitor high-risk relationships effectively."
FCA041,Bastion Capital London Ltd,FCA,2023,RD_AML|RD_MARKET_ABUSE,FT_DESIGN|FT_EXECUTION|FT_GOVERNANCE,RC_WEAK_RISK_FRAMEWORK|RC_KNOWN_RISK|RC_INCENTIVES_CULTURE,RC_KNOWN_RISK,RC_WEAK_RISK_FRAMEWORK,RC_KNOWN_RISK|RC_WEAK_RISK_FRAMEWORK,Medium,Weak risk framework demoted from primary in favour of a more specific driver. Original row had three or more root-cause tags; review for over-tagging. Primary tag selected on a narrow evidence margin; manual review recommended.,The firm failed to maintain AML controls proportionate to the risks of the Solo Group business.,"Bastion did not undertake adequate CDD, EDD or transaction monitoring and failed to act on red flags in the trading."
FCA042,ED&F Man Capital Markets Ltd,FCA,2023,RD_AML|RD_MARKET_ABUSE,FT_DESIGN|FT_GOVERNANCE|FT_EXECUTION,RC_WEAK_RISK_FRAMEWORK|RC_CONCENTRATED_CONTROL|RC_KNOWN_RISK,RC_KNOWN_RISK,,RC_KNOWN_RISK,High,Weak risk framework demoted from primary in favour of a more specific driver. Weak risk framework removed from revised tags due to limited explicit framework evidence. Original row had three or more root-cause tags; review for over-tagging.,The firm lacked effective oversight of a high-risk business line and relied too heavily on a single senior manager.,"The firm did not verify tax and legal opinions, failed to challenge high-risk trading and enabled illegitimate payments by SKAT to clients."
FCA043,Al Rayan Bank PLC,FCA,2023,RD_AML,FT_DESIGN|FT_EXECUTION|FT_GOVERNANCE,RC_WEAK_RISK_FRAMEWORK|RC_KNOWN_RISK|RC_POOR_DOCUMENTATION,RC_WEAK_RISK_FRAMEWORK,,RC_WEAK_RISK_FRAMEWORK,High,Original row had three or more root-cause tags; review for over-tagging.,The bank's AML framework was not sufficiently risk-based for its customer profile and products.,"The bank failed to apply adequate EDD, source of funds and source of wealth checks and ongoing transaction monitoring for higher-risk customers."
FCA044,Guaranty Trust Bank (UK) Limited,FCA,2023,RD_AML,FT_DESIGN|FT_EXECUTION|FT_GOVERNANCE,RC_WEAK_RISK_FRAMEWORK|RC_KNOWN_RISK|RC_POOR_DOCUMENTATION,RC_KNOWN_RISK,RC_WEAK_RISK_FRAMEWORK,RC_KNOWN_RISK|RC_WEAK_RISK_FRAMEWORK,Medium,Weak risk framework demoted from primary in favour of a more specific driver. Original row had three or more root-cause tags; review for over-tagging. Primary tag selected on a narrow evidence margin; manual review recommended.,The firm failed to remediate previously identified financial crime weaknesses and maintain an effective AML framework.,"The bank did not consistently apply adequate CDD, EDD and monitoring to higher-risk customers and relationships."
FCA045,TSB Bank plc,FCA,2022,RD_CONDUCT_GOVERNANCE,FT_DESIGN|FT_GOVERNANCE|FT_EXECUTION,RC_CHANGE_MANAGEMENT|RC_THIRD_PARTY|RC_WEAK_RISK_FRAMEWORK,RC_THIRD_PARTY,RC_CHANGE_MANAGEMENT,RC_THIRD_PARTY|RC_CHANGE_MANAGEMENT,Medium,Weak risk framework demoted from primary in favour of a more specific driver. Weak risk framework removed from revised tags due to limited explicit framework evidence. Original row had three or more root-cause tags; review for over-tagging. Primary tag selected on a narrow evidence margin; manual review recommended.,"The bank's migration governance, testing, readiness assessment and third-party oversight were inadequate.","TSB migrated customers to a new platform before risks were properly controlled, causing widespread service disruption and complaints."
FCA046,Metro Bank PLC,FCA,2022,RD_DISCLOSURE_LISTING|RD_REG_REPORTING,FT_GOVERNANCE|FT_EXECUTION,RC_DATA_QUALITY|RC_WEAK_RISK_FRAMEWORK|RC_KNOWN_RISK,RC_DATA_QUALITY,,RC_DATA_QUALITY,High,Weak risk framework demoted from primary in favour of a more specific driver. Weak risk framework removed from revised tags due to limited explicit framework evidence. Original row had three or more root-cause tags; review for over-tagging.,Data quality and governance controls around prudential reporting and market disclosure were inadequate.,Metro Bank incorrectly risk-weighted commercial loans and failed to disclose the issue to the market in a clear and timely way.
FCA047,Santander UK Plc,FCA,2022,RD_AML,FT_DESIGN|FT_GOVERNANCE|FT_EXECUTION,RC_WEAK_RISK_FRAMEWORK|RC_KNOWN_RISK|RC_SYSTEM_INTEGRATION,RC_KNOWN_RISK,RC_WEAK_RISK_FRAMEWORK,RC_KNOWN_RISK|RC_WEAK_RISK_FRAMEWORK,High,Weak risk framework demoted from primary in favour of a more specific driver. Original row had three or more root-cause tags; review for over-tagging.,The bank's business banking AML control framework was not effective and weaknesses were allowed to persist.,"Santander failed to obtain sufficient customer information, monitor transactions adequately and escalate suspicious activity in a timely way."
FCA049,"BGC Brokers LP, GFI Brokers Limited and GFI Securities Limited",FCA,2022,RD_MARKET_ABUSE,FT_DESIGN|FT_GOVERNANCE|FT_EXECUTION,RC_WEAK_RISK_FRAMEWORK|RC_KNOWN_RISK,RC_KNOWN_RISK,RC_WEAK_RISK_FRAMEWORK,RC_KNOWN_RISK|RC_WEAK_RISK_FRAMEWORK,Medium,Weak risk framework demoted from primary in favour of a more specific driver. Primary tag selected on a narrow evidence margin; manual review recommended.,The firms' surveillance framework was not sufficiently comprehensive or consistently operated.,"Market abuse risks were monitored through inadequate manual and automated controls, with gaps in coverage, escalation and assurance."
FCA050,Pembrokeshire Mortgage Centre Limited,FCA,2022,RD_CONDUCT_GOVERNANCE,FT_EXECUTION|FT_GOVERNANCE|FT_DESIGN,RC_WEAK_RISK_FRAMEWORK|RC_INCENTIVES_CULTURE|RC_KNOWN_RISK,RC_KNOWN_RISK,,RC_KNOWN_RISK,Medium,Weak risk framework demoted from primary in favour of a more specific driver. Weak risk framework removed from revised tags due to limited explicit framework evidence. Original row had three or more root-cause tags; review for over-tagging. Primary tag selected on a narrow evidence margin; manual review recommended.,The firm's advice model and oversight failed to protect customers from unsuitable transfers into higher-risk arrangements.,"Customers received unsuitable advice and inadequate explanations of risks, leading to compensation through the FSCS."
FCA051,Gatehouse Bank plc,FCA,2022,RD_AML,FT_DESIGN|FT_GOVERNANCE|FT_EXECUTION,RC_WEAK_RISK_FRAMEWORK|RC_KNOWN_RISK|RC_POOR_DOCUMENTATION,RC_WEAK_RISK_FRAMEWORK,,RC_WEAK_RISK_FRAMEWORK,High,Original row had three or more root-cause tags; review for over-tagging.,The bank's AML framework and three lines of defence were not proportionate to its higher-risk business.,"Gatehouse did not consistently carry out adequate CDD, EDD, source of funds checks or ongoing monitoring."
FCA052,Sigma Broking Limited,FCA,2022,RD_MARKET_ABUSE|RD_REG_REPORTING,FT_DESIGN|FT_GOVERNANCE|FT_EXECUTION,RC_CHANGE_MANAGEMENT|RC_WEAK_RISK_FRAMEWORK|RC_REG_UNDERSTANDING,RC_CHANGE_MANAGEMENT,RC_REG_UNDERSTANDING|RC_WEAK_RISK_FRAMEWORK,RC_CHANGE_MANAGEMENT|RC_REG_UNDERSTANDING|RC_WEAK_RISK_FRAMEWORK,Medium,Weak risk framework demoted from primary in favour of a more specific driver. Original row had three or more root-cause tags; review for over-tagging. Primary tag selected on a narrow evidence margin; manual review recommended.,"The firm expanded its business without building adequate reporting, surveillance and governance controls.",Sigma failed to implement effective transaction reporting and market abuse controls and did not provide sufficient oversight of new business risks.
FCA053,Citigroup Global Markets Limited,FCA,2022,RD_MARKET_ABUSE,FT_DESIGN|FT_GOVERNANCE|FT_EXECUTION,RC_REG_UNDERSTANDING|RC_WEAK_RISK_FRAMEWORK|RC_CHANGE_MANAGEMENT,RC_CHANGE_MANAGEMENT,,RC_CHANGE_MANAGEMENT,High,Weak risk framework demoted from primary in favour of a more specific driver. Weak risk framework removed from revised tags due to limited explicit framework evidence. Original row had three or more root-cause tags; review for over-tagging.,The firm's change management and regulatory implementation controls were inadequate.,"Citigroup did not identify and remediate surveillance gaps promptly, leaving market abuse risks insufficiently monitored."
FCA054,"The TJM Partnership Limited, formerly Neovision Global Capital Limited",FCA,2022,RD_AML|RD_MARKET_ABUSE,FT_STRATEGIC|FT_DESIGN|FT_EXECUTION,RC_INCENTIVES_CULTURE|RC_WEAK_RISK_FRAMEWORK|RC_KNOWN_RISK,RC_INCENTIVES_CULTURE,RC_KNOWN_RISK|RC_WEAK_RISK_FRAMEWORK,RC_INCENTIVES_CULTURE|RC_KNOWN_RISK|RC_WEAK_RISK_FRAMEWORK,Medium,Weak risk framework demoted from primary in favour of a more specific driver. Original row had three or more root-cause tags; review for over-tagging. Primary tag selected on a narrow evidence margin; manual review recommended.,The firm allowed commercial incentives to override an effective financial crime risk response.,"TJM failed to apply adequate CDD, EDD, transaction monitoring and escalation to suspicious OTC equity trading."
FCA055,Ghana International Bank Plc,FCA,2022,RD_AML,FT_DESIGN|FT_GOVERNANCE|FT_EXECUTION,RC_WEAK_RISK_FRAMEWORK|RC_POOR_DOCUMENTATION|RC_REG_UNDERSTANDING,RC_POOR_DOCUMENTATION,,RC_POOR_DOCUMENTATION,Medium,Weak risk framework demoted from primary in favour of a more specific driver. Weak risk framework removed from revised tags due to limited explicit framework evidence. Original row had three or more root-cause tags; review for over-tagging. Primary tag selected on a narrow evidence margin; manual review recommended.,The bank's financial crime framework did not adequately address the risks of correspondent banking relationships.,"The bank failed to carry out adequate CDD, EDD and ongoing monitoring and did not maintain clear, effective AML policies."
FCA056,JLT Specialty Limited,FCA,2022,RD_AML|RD_CONDUCT_GOVERNANCE,FT_DESIGN|FT_GOVERNANCE|FT_EXECUTION,RC_THIRD_PARTY|RC_KNOWN_RISK|RC_WEAK_RISK_FRAMEWORK,RC_KNOWN_RISK,RC_THIRD_PARTY,RC_KNOWN_RISK|RC_THIRD_PARTY,High,Weak risk framework demoted from primary in favour of a more specific driver. Weak risk framework removed from revised tags due to limited explicit framework evidence. Original row had three or more root-cause tags; review for over-tagging.,The firm did not apply adequate safeguards to third-party introducer arrangements despite known risks.,"JLT failed to ensure effective due diligence, approval and information sharing for introducers that created bribery and corruption risk."
FCA057,Bank House Investment Management Limited,FCA,2022,RD_CONDUCT_GOVERNANCE,FT_INTEGRITY|FT_GOVERNANCE|FT_EXECUTION,RC_THIRD_PARTY|RC_INCENTIVES_CULTURE|RC_CONCENTRATED_CONTROL,RC_THIRD_PARTY,RC_CONCENTRATED_CONTROL|RC_INCENTIVES_CULTURE,RC_THIRD_PARTY|RC_CONCENTRATED_CONTROL|RC_INCENTIVES_CULTURE,Medium,Original row had three or more root-cause tags; review for over-tagging. Primary tag selected on a narrow evidence margin; manual review recommended.,The firm relied on third parties and introducer-driven arrangements without adequate control over advice quality and conflicts.,Customers were exposed to unsuitable or unauthorised pension advice and high-risk investments without proper oversight or disclosures.
FCA058,GAM International Management Limited,FCA,2022,RD_CONDUCT_GOVERNANCE,FT_GOVERNANCE|FT_EXECUTION,RC_WEAK_RISK_FRAMEWORK|RC_INCENTIVES_CULTURE|RC_POOR_DOCUMENTATION,RC_POOR_DOCUMENTATION,RC_WEAK_RISK_FRAMEWORK,RC_POOR_DOCUMENTATION|RC_WEAK_RISK_FRAMEWORK,High,Weak risk framework demoted from primary in favour of a more specific driver. Original row had three or more root-cause tags; review for over-tagging.,"The firm's conflicts framework, board oversight and three lines of defence did not operate effectively.","GAM failed to identify, manage and evidence fair treatment of conflicts arising from investments and business relationships."
FCA059,Barclays Bank Plc,FCA,2022,RD_AML,FT_EXECUTION|FT_GOVERNANCE,RC_KNOWN_RISK|RC_WEAK_RISK_FRAMEWORK|RC_THIRD_PARTY,RC_KNOWN_RISK,,RC_KNOWN_RISK,High,Weak risk framework demoted from primary in favour of a more specific driver. Weak risk framework removed from revised tags due to limited explicit framework evidence. Original row had three or more root-cause tags; review for over-tagging.,The bank did not apply adequate ongoing monitoring and EDD to a known high-risk customer relationship.,"Barclays failed to challenge unusual activity and weaknesses at Premier FX, whose customers later suffered losses."
FCA060,Julius Baer International Limited,FCA,2022,RD_AML|RD_CONDUCT_GOVERNANCE,FT_INTEGRITY|FT_GOVERNANCE|FT_EXECUTION,RC_INCENTIVES_CULTURE|RC_CONCENTRATED_CONTROL|RC_WEAK_RISK_FRAMEWORK,RC_CONCENTRATED_CONTROL,RC_INCENTIVES_CULTURE,RC_CONCENTRATED_CONTROL|RC_INCENTIVES_CULTURE,High,Weak risk framework demoted from primary in favour of a more specific driver. Weak risk framework removed from revised tags due to limited explicit framework evidence. Original row had three or more root-cause tags; review for over-tagging.,The firm's governance and financial crime controls did not prevent improper fee arrangements involving senior individuals and intermediaries.,"Suspicious payments and FX transactions were not properly challenged or escalated, exposing the firm to bribery and corruption risk."
FCA061,HSBC Bank plc,FCA,2021,RD_AML,FT_DESIGN|FT_EXECUTION|FT_GOVERNANCE,RC_SYSTEM_INTEGRATION|RC_DATA_QUALITY|RC_WEAK_RISK_FRAMEWORK,RC_SYSTEM_INTEGRATION,RC_DATA_QUALITY,RC_SYSTEM_INTEGRATION|RC_DATA_QUALITY,Medium,Weak risk framework demoted from primary in favour of a more specific driver. Weak risk framework removed from revised tags due to limited explicit framework evidence. Original row had three or more root-cause tags; review for over-tagging. Primary tag selected on a narrow evidence margin; manual review recommended.,"System design, data quality and governance weaknesses reduced the effectiveness of automated transaction monitoring.","HSBC failed to monitor some transactions adequately because scenarios, data feeds and control parameters were incomplete or misconfigured."
FCA062,National Westminster Bank Plc,FCA,2021,RD_AML,FT_EXECUTION|FT_GOVERNANCE|FT_DESIGN,RC_KNOWN_RISK|RC_WEAK_RISK_FRAMEWORK|RC_INCENTIVES_CULTURE,RC_KNOWN_RISK,,RC_KNOWN_RISK,High,Weak risk framework demoted from primary in favour of a more specific driver. Weak risk framework removed from revised tags due to limited explicit framework evidence. Original row had three or more root-cause tags; review for over-tagging.,The bank failed to respond adequately to known money laundering risks and suspicious activity in a high-risk customer relationship.,NatWest did not apply effective risk-sensitive monitoring or enhanced monitoring despite escalating red flags and unusual cash activity.
FCA063,Sunrise Brokers LLP,FCA,2021,RD_AML|RD_MARKET_ABUSE,FT_DESIGN|FT_EXECUTION|FT_GOVERNANCE,RC_WEAK_RISK_FRAMEWORK|RC_KNOWN_RISK|RC_INCENTIVES_CULTURE,RC_KNOWN_RISK,RC_WEAK_RISK_FRAMEWORK,RC_KNOWN_RISK|RC_WEAK_RISK_FRAMEWORK,Medium,Weak risk framework demoted from primary in favour of a more specific driver. Original row had three or more root-cause tags; review for over-tagging. Primary tag selected on a narrow evidence margin; manual review recommended.,The firm did not apply AML controls proportionate to the financial crime risks presented by the trading.,"Sunrise failed to carry out adequate CDD, EDD, monitoring and escalation of red flags in high-risk trading."
FCA064,Credit Suisse International and Credit Suisse Securities (Europe) Limited,FCA,2021,RD_AML|RD_CONDUCT_GOVERNANCE,FT_GOVERNANCE|FT_EXECUTION|FT_DESIGN,RC_WEAK_RISK_FRAMEWORK|RC_KNOWN_RISK|RC_INCENTIVES_CULTURE,RC_INCENTIVES_CULTURE,RC_KNOWN_RISK,RC_INCENTIVES_CULTURE|RC_KNOWN_RISK,Medium,Weak risk framework demoted from primary in favour of a more specific driver. Weak risk framework removed from revised tags due to limited explicit framework evidence. Original row had three or more root-cause tags; review for over-tagging. Primary tag selected on a narrow evidence margin; manual review recommended.,The firm did not ensure appropriate governance and financial crime challenge for high-risk sovereign financing transactions.,Credit Suisse failed to manage and escalate bribery and corruption risks adequately before participating in transactions that generated serious losses and misconduct concerns.
FCA065,"Lloyds Bank General Insurance Limited, St Andrew's Insurance plc, Lloyds Bank Insurance Services Limited and Halifax General Insurance Services Limited",FCA,2021,RD_CONDUCT_GOVERNANCE,FT_DESIGN|FT_EXECUTION|FT_GOVERNANCE,RC_INCENTIVES_CULTURE|RC_WEAK_RISK_FRAMEWORK|RC_KNOWN_RISK,RC_KNOWN_RISK,,RC_KNOWN_RISK,Medium,Weak risk framework demoted from primary in favour of a more specific driver. Weak risk framework removed from revised tags due to limited explicit framework evidence. Original row had three or more root-cause tags; review for over-tagging. Primary tag selected on a narrow evidence margin; manual review recommended.,The firms' customer communication controls did not ensure renewal statements were accurate and fair.,Customers received renewal communications that risked misleading them about the competitiveness of prices and some renewal reminders were not sent properly.
FCA066,Crosfill & Archer Claims Limited,FCA,2021,RD_MARKETING_CONSENT|RD_DATA_PROTECTION,FT_EXECUTION|FT_GOVERNANCE,RC_THIRD_PARTY|RC_WEAK_RISK_FRAMEWORK|RC_POOR_DOCUMENTATION,RC_THIRD_PARTY,,RC_THIRD_PARTY,High,Weak risk framework demoted from primary in favour of a more specific driver. Weak risk framework removed from revised tags due to limited explicit framework evidence. Original row had three or more root-cause tags; review for over-tagging.,The firm did not adequately verify third-party data sources or consent before using customer data for marketing calls.,The firm made unsolicited calls to TPS-registered numbers and failed to ensure relevant consents had been obtained by data providers.
FCA067,Sapien Capital Limited,FCA,2021,RD_AML|RD_MARKET_ABUSE,FT_DESIGN|FT_EXECUTION|FT_GOVERNANCE,RC_WEAK_RISK_FRAMEWORK|RC_KNOWN_RISK|RC_INCENTIVES_CULTURE,RC_KNOWN_RISK,RC_WEAK_RISK_FRAMEWORK,RC_KNOWN_RISK|RC_WEAK_RISK_FRAMEWORK,Medium,Weak risk framework demoted from primary in favour of a more specific driver. Original row had three or more root-cause tags; review for over-tagging. Primary tag selected on a narrow evidence margin; manual review recommended.,The firm failed to maintain AML controls proportionate to the Solo Group business.,"Sapien did not conduct adequate CDD, EDD, transaction monitoring or escalation of red flags in high-risk trading."
FCA068,Charles Schwab UK Limited,FCA,2020,RD_CONDUCT_GOVERNANCE|RD_REG_REPORTING,FT_DESIGN|FT_EXECUTION|FT_GOVERNANCE,RC_THIRD_PARTY|RC_WEAK_RISK_FRAMEWORK|RC_POOR_DOCUMENTATION,RC_POOR_DOCUMENTATION,RC_THIRD_PARTY,RC_POOR_DOCUMENTATION|RC_THIRD_PARTY,High,Weak risk framework demoted from primary in favour of a more specific driver. Weak risk framework removed from revised tags due to limited explicit framework evidence. Original row had three or more root-cause tags; review for over-tagging.,The firm did not maintain adequate client asset controls and relied on arrangements without ensuring permissions and records were correct.,"Client assets were safeguarded or administered without proper permissions and CASS records, reconciliations and oversight were inadequate."
FCA069,"Barclays Bank UK PLC, Barclays Bank PLC and Clydesdale Financial Services Limited",FCA,2020,RD_CONDUCT_GOVERNANCE,FT_EXECUTION|FT_GOVERNANCE|FT_DESIGN,RC_WEAK_RISK_FRAMEWORK|RC_MANUAL_PROCESS|RC_INCENTIVES_CULTURE,RC_INCENTIVES_CULTURE,,RC_INCENTIVES_CULTURE,Medium,Weak risk framework demoted from primary in favour of a more specific driver. Weak risk framework removed from revised tags due to limited explicit framework evidence. Original row had three or more root-cause tags; review for over-tagging. Primary tag selected on a narrow evidence margin; manual review recommended.,The firms' arrears handling framework did not consistently deliver fair customer outcomes.,Customers in financial difficulty were not always offered appropriate support and redress was required for a large affected population.
FCA070,LJ Financial Planning Ltd,FCA,2020,RD_CONDUCT_GOVERNANCE,FT_EXECUTION|FT_GOVERNANCE|FT_DESIGN,RC_WEAK_RISK_FRAMEWORK|RC_INCENTIVES_CULTURE|RC_THIRD_PARTY,RC_THIRD_PARTY,,RC_THIRD_PARTY,High,Weak risk framework demoted from primary in favour of a more specific driver. Weak risk framework removed from revised tags due to limited explicit framework evidence. Original row had three or more root-cause tags; review for over-tagging.,The firm's advice and oversight controls did not manage conflicts and risks in pension transfer business.,Customers were advised to transfer pensions into high-risk or unsuitable arrangements without proper suitability assessment and documentation.
FCA071,TFS-ICAP Limited,FCA,2020,RD_MARKET_ABUSE,FT_INTEGRITY|FT_EXECUTION|FT_GOVERNANCE,RC_INCENTIVES_CULTURE|RC_WEAK_RISK_FRAMEWORK|RC_KNOWN_RISK,RC_INCENTIVES_CULTURE,,RC_INCENTIVES_CULTURE,High,Weak risk framework demoted from primary in favour of a more specific driver. Weak risk framework removed from revised tags due to limited explicit framework evidence. Original row had three or more root-cause tags; review for over-tagging.,"The firm's culture, supervision and controls did not prevent or detect misleading market communications.",Brokers engaged in printing and other misleading practices that gave clients a false impression of market activity.
FCA072,Goldman Sachs International,FCA,2020,RD_AML|RD_CONDUCT_GOVERNANCE,FT_GOVERNANCE|FT_EXECUTION,RC_KNOWN_RISK|RC_INCENTIVES_CULTURE|RC_WEAK_RISK_FRAMEWORK,RC_KNOWN_RISK,,RC_KNOWN_RISK,High,Weak risk framework demoted from primary in favour of a more specific driver. Weak risk framework removed from revised tags due to limited explicit framework evidence. Original row had three or more root-cause tags; review for over-tagging.,The firm did not apply sufficient challenge and escalation to high-risk transactions that generated significant revenue.,Goldman failed to manage and escalate bribery and corruption risks adequately in transactions involving 1MDB.
FCA073,"Commerzbank AG, London Branch",FCA,2020,RD_AML,FT_DESIGN|FT_EXECUTION|FT_GOVERNANCE,RC_WEAK_RISK_FRAMEWORK|RC_KNOWN_RISK|RC_CHANGE_MANAGEMENT,RC_KNOWN_RISK,,RC_KNOWN_RISK,High,Weak risk framework demoted from primary in favour of a more specific driver. Weak risk framework removed from revised tags due to limited explicit framework evidence. Original row had three or more root-cause tags; review for over-tagging.,The bank's AML remediation and resourcing did not keep pace with known deficiencies.,"Commerzbank failed to complete timely KYC refresh, verify beneficial ownership and manage higher-risk customers effectively."
FCA074,"Lloyds Bank PLC, Bank of Scotland plc and The Mortgage Business plc",FCA,2020,RD_CONDUCT_GOVERNANCE,FT_EXECUTION|FT_GOVERNANCE|FT_DESIGN,RC_WEAK_RISK_FRAMEWORK|RC_MANUAL_PROCESS|RC_INCENTIVES_CULTURE,RC_INCENTIVES_CULTURE,,RC_INCENTIVES_CULTURE,Medium,Weak risk framework demoted from primary in favour of a more specific driver. Weak risk framework removed from revised tags due to limited explicit framework evidence. Original row had three or more root-cause tags; review for over-tagging. Primary tag selected on a narrow evidence margin; manual review recommended.,The firms' mortgage arrears framework did not consistently support customers fairly.,"Customers in payment difficulty did not always receive appropriate forbearance or communications, leading to consumer harm and redress."
FCA075,Moneybarn Limited,FCA,2020,RD_CONDUCT_GOVERNANCE,FT_EXECUTION|FT_GOVERNANCE|FT_DESIGN,RC_WEAK_RISK_FRAMEWORK|RC_MANUAL_PROCESS|RC_INCENTIVES_CULTURE,RC_INCENTIVES_CULTURE,,RC_INCENTIVES_CULTURE,Medium,Weak risk framework demoted from primary in favour of a more specific driver. Weak risk framework removed from revised tags due to limited explicit framework evidence. Original row had three or more root-cause tags; review for over-tagging. Primary tag selected on a narrow evidence margin; manual review recommended.,The firm's collections and arrears processes were not designed or operated to secure fair outcomes for vulnerable or financially distressed customers.,Customers were not consistently offered suitable forbearance and were exposed to unfair termination or communication practices.
PR012,Standard Chartered Bank,PRA,2021,RD_PRUDENTIAL|RD_REG_REPORTING,FT_GOVERNANCE|FT_EXECUTION|FT_INTEGRITY,RC_DATA_QUALITY|RC_WEAK_RISK_FRAMEWORK|RC_POOR_DOCUMENTATION,RC_DATA_QUALITY,,RC_DATA_QUALITY,High,Weak risk framework demoted from primary in favour of a more specific driver. Weak risk framework removed from revised tags due to limited explicit framework evidence. Original row had three or more root-cause tags; review for over-tagging.,"The bank's prudential reporting controls and governance did not ensure accurate, transparent liquidity information.",Standard Chartered submitted inaccurate liquidity information and failed to give the PRA a clear and complete picture of its position.
PRA001,U K Insurance Limited,PRA,2026,RD_PRUDENTIAL|RD_REG_REPORTING,FT_GOVERNANCE|FT_EXECUTION|FT_DESIGN,RC_DATA_QUALITY|RC_WEAK_RISK_FRAMEWORK|RC_CHANGE_MANAGEMENT,RC_DATA_QUALITY,RC_WEAK_RISK_FRAMEWORK,RC_DATA_QUALITY|RC_WEAK_RISK_FRAMEWORK,High,Weak risk framework demoted from primary in favour of a more specific driver. Original row had three or more root-cause tags; review for over-tagging.,The insurer's reporting and control framework did not provide reliable prudential information to the PRA.,U K Insurance submitted inaccurate regulatory information and failed to maintain sufficiently robust financial control and oversight arrangements.
PRA002,The Bank of London Group Limited and Oplyse Holdings Limited,PRA,2026,RD_PRUDENTIAL|RD_REG_REPORTING,FT_INTEGRITY|FT_GOVERNANCE|FT_EXECUTION,RC_CONCENTRATED_CONTROL|RC_DATA_QUALITY|RC_WEAK_RISK_FRAMEWORK,RC_DATA_QUALITY,RC_CONCENTRATED_CONTROL,RC_DATA_QUALITY|RC_CONCENTRATED_CONTROL,Medium,Weak risk framework demoted from primary in favour of a more specific driver. Weak risk framework removed from revised tags due to limited explicit framework evidence. Original row had three or more root-cause tags; review for over-tagging. Primary tag selected on a narrow evidence margin; manual review recommended.,"Governance, capital management and reporting controls were inadequate, with concentrated senior control over key regulatory communications.","The firms misrepresented capital resources, submitted inaccurate information and failed to comply with prudential expectations around capital and exposures."
PRA003,Barents Reinsurance S.A. London Branch,PRA,2025,RD_PRUDENTIAL|RD_REG_REPORTING,FT_GOVERNANCE|FT_EXECUTION|FT_DESIGN,RC_CHANGE_MANAGEMENT|RC_REG_UNDERSTANDING|RC_WEAK_RISK_FRAMEWORK,RC_CHANGE_MANAGEMENT,RC_REG_UNDERSTANDING,RC_CHANGE_MANAGEMENT|RC_REG_UNDERSTANDING,High,Weak risk framework demoted from primary in favour of a more specific driver. Weak risk framework removed from revised tags due to limited explicit framework evidence. Original row had three or more root-cause tags; review for over-tagging.,The branch did not adapt its governance and reporting framework adequately following regulatory change.,"Barents failed to submit required reports and maintain effective systems, controls and oversight for its UK branch."
PRA004,Vocalink Limited,PRA,2025,RD_PRUDENTIAL|RD_CONDUCT_GOVERNANCE,FT_GOVERNANCE|FT_EXECUTION|FT_INTEGRITY,RC_WEAK_RISK_FRAMEWORK|RC_KNOWN_RISK|RC_POOR_DOCUMENTATION,RC_KNOWN_RISK,,RC_KNOWN_RISK,High,Weak risk framework demoted from primary in favour of a more specific driver. Weak risk framework removed from revised tags due to limited explicit framework evidence. Original row had three or more root-cause tags; review for over-tagging.,The firm's remediation governance and assurance processes did not provide reliable information to the Bank.,Vocalink provided misleading or incomplete updates and failed to escalate known risks and assurance findings effectively.
PRA005,Citigroup Global Markets Limited,PRA,2024,RD_PRUDENTIAL|RD_MARKET_ABUSE,FT_DESIGN|FT_EXECUTION|FT_GOVERNANCE,RC_MANUAL_PROCESS|RC_WEAK_RISK_FRAMEWORK|RC_KNOWN_RISK,RC_MANUAL_PROCESS,RC_WEAK_RISK_FRAMEWORK,RC_MANUAL_PROCESS|RC_WEAK_RISK_FRAMEWORK,Medium,Weak risk framework demoted from primary in favour of a more specific driver. Original row had three or more root-cause tags; review for over-tagging. Primary tag selected on a narrow evidence margin; manual review recommended.,The firm's algorithmic and manual trading control framework did not adequately limit operational and prudential risk.,"A manual input error generated very large erroneous orders because pre-trade controls, kill switches and oversight were insufficient."
PRA006,HSBC Bank plc and HSBC UK Bank plc,PRA,2024,RD_PRUDENTIAL|RD_REG_REPORTING,FT_DESIGN|FT_EXECUTION|FT_GOVERNANCE,RC_DATA_QUALITY|RC_SYSTEM_INTEGRATION|RC_WEAK_RISK_FRAMEWORK,RC_SYSTEM_INTEGRATION,RC_DATA_QUALITY,RC_SYSTEM_INTEGRATION|RC_DATA_QUALITY,High,Weak risk framework demoted from primary in favour of a more specific driver. Weak risk framework removed from revised tags due to limited explicit framework evidence. Original row had three or more root-cause tags; review for over-tagging.,"The firms' data, systems and governance controls did not ensure accurate depositor protection reporting.",HSBC failed to maintain accurate depositor data and did not identify or notify issues in a timely way.
PRA007,"Credit Suisse International, Credit Suisse Securities (Europe) Limited and Credit Suisse AG London Branch",PRA,2023,RD_PRUDENTIAL,FT_GOVERNANCE|FT_EXECUTION|FT_DESIGN,RC_INCENTIVES_CULTURE|RC_KNOWN_RISK|RC_WEAK_RISK_FRAMEWORK,RC_KNOWN_RISK,RC_WEAK_RISK_FRAMEWORK,RC_KNOWN_RISK|RC_WEAK_RISK_FRAMEWORK,High,Weak risk framework demoted from primary in favour of a more specific driver. Original row had three or more root-cause tags; review for over-tagging.,"The firms' risk appetite, governance and escalation controls did not constrain a high-risk client relationship.","Credit Suisse failed to respond to breached limits and risk indicators, contributing to very large losses after Archegos defaulted."
PRA008,Wyelands Bank Plc,PRA,2023,RD_PRUDENTIAL|RD_REG_REPORTING,FT_GOVERNANCE|FT_EXECUTION|FT_DESIGN,RC_CONCENTRATED_CONTROL|RC_DATA_QUALITY|RC_WEAK_RISK_FRAMEWORK,RC_DATA_QUALITY,,RC_DATA_QUALITY,High,Weak risk framework demoted from primary in favour of a more specific driver. Weak risk framework removed from revised tags due to limited explicit framework evidence. Original row had three or more root-cause tags; review for over-tagging.,The bank's governance failed to manage concentration risk and connected exposure risk effectively.,"Wyelands submitted inaccurate prudential information, failed to assess exposures properly and did not maintain adequate controls over capital and lending risks."
PRA009,TSB Bank plc,PRA,2022,RD_PRUDENTIAL|RD_CONDUCT_GOVERNANCE,FT_DESIGN|FT_GOVERNANCE|FT_EXECUTION,RC_CHANGE_MANAGEMENT|RC_THIRD_PARTY|RC_WEAK_RISK_FRAMEWORK,RC_THIRD_PARTY,RC_CHANGE_MANAGEMENT,RC_THIRD_PARTY|RC_CHANGE_MANAGEMENT,Medium,Weak risk framework demoted from primary in favour of a more specific driver. Weak risk framework removed from revised tags due to limited explicit framework evidence. Original row had three or more root-cause tags; review for over-tagging. Primary tag selected on a narrow evidence margin; manual review recommended.,The bank's migration and outsourcing governance failed to ensure operational resilience before a major systems change.,"TSB migrated to a new IT platform without adequate assurance, leading to widespread disruption and customer harm."
PRA010,MS Amlin Underwriting Limited,PRA,2022,RD_PRUDENTIAL,FT_STRATEGIC|FT_GOVERNANCE|FT_DESIGN,RC_CHANGE_MANAGEMENT|RC_WEAK_RISK_FRAMEWORK|RC_KNOWN_RISK,RC_KNOWN_RISK,,RC_KNOWN_RISK,High,Weak risk framework demoted from primary in favour of a more specific driver. Weak risk framework removed from revised tags due to limited explicit framework evidence. Original row had three or more root-cause tags; review for over-tagging.,The insurer pursued growth without adequate governance and risk management controls.,"Weak underwriting oversight, reserving controls and risk escalation contributed to substantial losses and deterioration in capital position."
PRA011,Metro Bank plc,PRA,2021,RD_PRUDENTIAL|RD_REG_REPORTING,FT_GOVERNANCE|FT_EXECUTION,RC_DATA_QUALITY|RC_WEAK_RISK_FRAMEWORK|RC_KNOWN_RISK,RC_DATA_QUALITY,,RC_DATA_QUALITY,High,Weak risk framework demoted from primary in favour of a more specific driver. Weak risk framework removed from revised tags due to limited explicit framework evidence. Original row had three or more root-cause tags; review for over-tagging.,The bank's prudential reporting controls did not ensure accurate capital and RWA data.,Metro Bank misclassified loans for RWA purposes and submitted inaccurate regulatory returns.
PRA013,Goldman Sachs International,PRA,2020,RD_PRUDENTIAL|RD_AML,FT_GOVERNANCE|FT_EXECUTION|FT_DESIGN,RC_KNOWN_RISK|RC_INCENTIVES_CULTURE|RC_WEAK_RISK_FRAMEWORK,RC_KNOWN_RISK,,RC_KNOWN_RISK,High,Weak risk framework demoted from primary in favour of a more specific driver. Weak risk framework removed from revised tags due to limited explicit framework evidence. Original row had three or more root-cause tags; review for over-tagging.,The firm did not ensure adequate governance and control over transactions that carried material financial crime and reputational risk.,"Goldman failed to escalate and manage bribery and corruption risks adequately, exposing the firm to safety and soundness risks."
